{
  "n_folds": 3,
  "purge_gap": 192,
  "coins": [
    "BTCUSDT",
    "ETHUSDT",
    "SOLUSDT",
    "BNBUSDT"
  ],
  "n_features": 19,
  "n_timesteps": 48,
  "architecture": "LSTM+Attention+LayerNorm",
  "thresholds": {
    "3d": 0.4201805591583252,
    "7d": 0.6004892587661743
  },
  "summary": {
    "3d": {
      "accuracy": {
        "mean": 0.7023,
        "std": 0.0093
      },
      "f1": {
        "mean": 0.6927,
        "std": 0.0334
      },
      "mcc": {
        "mean": 0.4046,
        "std": 0.0137
      },
      "auc": {
        "mean": 0.7614,
        "std": 0.013
      },
      "precision": {
        "mean": 0.6716,
        "std": 0.0245
      },
      "recall": {
        "mean": 0.7228,
        "std": 0.0889
      },
      "baseline": {
        "mean": 0.5377,
        "std": 0.0209
      },
      "threshold": {
        "mean": 0.4685,
        "std": 0.3015
      }
    },
    "7d": {
      "accuracy": {
        "mean": 0.5596,
        "std": 0.0366
      },
      "f1": {
        "mean": 0.5518,
        "std": 0.0521
      },
      "mcc": {
        "mean": 0.1382,
        "std": 0.0863
      },
      "auc": {
        "mean": 0.6003,
        "std": 0.0587
      },
      "precision": {
        "mean": 0.5795,
        "std": 0.0964
      },
      "recall": {
        "mean": 0.5649,
        "std": 0.1535
      },
      "baseline": {
        "mean": 0.5241,
        "std": 0.0064
      },
      "threshold": {
        "mean": 0.4332,
        "std": 0.1235
      }
    }
  },
  "folds": [
    {
      "3d": {
        "accuracy": 0.7144,
        "f1": 0.6806,
        "mcc": 0.4238,
        "auc": 0.7781,
        "precision": 0.7063,
        "recall": 0.6567,
        "baseline": 0.5366,
        "threshold": 0.8595,
        "class_balance": 0.4634,
        "n_samples": 2948,
        "confusion_matrix": [
          [
            1209,
            373
          ],
          [
            469,
            897
          ]
        ]
      },
      "7d": {
        "accuracy": 0.5309,
        "f1": 0.6174,
        "mcc": 0.0878,
        "auc": 0.5619,
        "precision": 0.5103,
        "recall": 0.7815,
        "baseline": 0.5156,
        "threshold": 0.3928,
        "class_balance": 0.4844,
        "n_samples": 2948,
        "confusion_matrix": [
          [
            449,
            1071
          ],
          [
            312,
            1116
          ]
        ]
      }
    },
    {
      "3d": {
        "accuracy": 0.6917,
        "f1": 0.7383,
        "mcc": 0.3975,
        "auc": 0.7599,
        "precision": 0.6534,
        "recall": 0.8484,
        "baseline": 0.5126,
        "threshold": 0.1257,
        "class_balance": 0.5126,
        "n_samples": 2948,
        "confusion_matrix": [
          [
            757,
            680
          ],
          [
            229,
            1282
          ]
        ]
      },
      "7d": {
        "accuracy": 0.5366,
        "f1": 0.4899,
        "mcc": 0.0672,
        "auc": 0.5558,
        "precision": 0.5125,
        "recall": 0.4692,
        "baseline": 0.5258,
        "threshold": 0.3063,
        "class_balance": 0.4742,
        "n_samples": 2948,
        "confusion_matrix": [
          [
            926,
            624
          ],
          [
            742,
            656
          ]
        ]
      }
    },
    {
      "3d": {
        "accuracy": 0.7008,
        "f1": 0.6592,
        "mcc": 0.3926,
        "auc": 0.7463,
        "precision": 0.6551,
        "recall": 0.6633,
        "baseline": 0.5638,
        "threshold": 0.4202,
        "class_balance": 0.4362,
        "n_samples": 2948,
        "confusion_matrix": [
          [
            1213,
            449
          ],
          [
            433,
            853
          ]
        ]
      },
      "7d": {
        "accuracy": 0.6113,
        "f1": 0.5481,
        "mcc": 0.2596,
        "auc": 0.6832,
        "precision": 0.7158,
        "recall": 0.4441,
        "baseline": 0.5309,
        "threshold": 0.6005,
        "class_balance": 0.5309,
        "n_samples": 2948,
        "confusion_matrix": [
          [
            1107,
            276
          ],
          [
            870,
            695
          ]
        ]
      }
    }
  ]
}