{
  "n_folds": 3,
  "purge_gap": 192,
  "coins": [
    "BTCUSDT",
    "ETHUSDT",
    "SOLUSDT",
    "BNBUSDT"
  ],
  "n_features": 19,
  "n_timesteps": 48,
  "architecture": "LSTM+Attention+LayerNorm",
  "thresholds": {
    "3d": 0.389451801776886,
    "7d": 0.5569393634796143
  },
  "summary": {
    "3d": {
      "accuracy": {
        "mean": 0.6865,
        "std": 0.008
      },
      "f1": {
        "mean": 0.6568,
        "std": 0.0261
      },
      "mcc": {
        "mean": 0.3898,
        "std": 0.0194
      },
      "auc": {
        "mean": 0.7795,
        "std": 0.0375
      },
      "precision": {
        "mean": 0.6926,
        "std": 0.0911
      },
      "recall": {
        "mean": 0.6523,
        "std": 0.1121
      },
      "baseline": {
        "mean": 0.5418,
        "std": 0.0227
      },
      "threshold": {
        "mean": 0.5339,
        "std": 0.1076
      }
    },
    "7d": {
      "accuracy": {
        "mean": 0.57,
        "std": 0.0213
      },
      "f1": {
        "mean": 0.5703,
        "std": 0.0453
      },
      "mcc": {
        "mean": 0.1555,
        "std": 0.0493
      },
      "auc": {
        "mean": 0.6201,
        "std": 0.0376
      },
      "precision": {
        "mean": 0.5789,
        "std": 0.0681
      },
      "recall": {
        "mean": 0.5901,
        "std": 0.1382
      },
      "baseline": {
        "mean": 0.5235,
        "std": 0.0067
      },
      "threshold": {
        "mean": 0.4869,
        "std": 0.0653
      }
    }
  },
  "folds": [
    {
      "3d": {
        "accuracy": 0.6761,
        "f1": 0.69,
        "mcc": 0.37,
        "auc": 0.7766,
        "precision": 0.6198,
        "recall": 0.7782,
        "baseline": 0.5366,
        "threshold": 0.5647,
        "class_balance": 0.4634,
        "n_samples": 2948,
        "confusion_matrix": [
          [
            930,
            652
          ],
          [
            303,
            1063
          ]
        ]
      },
      "7d": {
        "accuracy": 0.5543,
        "f1": 0.6307,
        "mcc": 0.136,
        "auc": 0.6169,
        "precision": 0.5273,
        "recall": 0.7846,
        "baseline": 0.5149,
        "threshold": 0.3997,
        "class_balance": 0.4851,
        "n_samples": 2948,
        "confusion_matrix": [
          [
            512,
            1006
          ],
          [
            308,
            1122
          ]
        ]
      }
    },
    {
      "3d": {
        "accuracy": 0.6876,
        "f1": 0.6261,
        "mcc": 0.4161,
        "auc": 0.8268,
        "precision": 0.8211,
        "recall": 0.5059,
        "baseline": 0.517,
        "threshold": 0.6476,
        "class_balance": 0.517,
        "n_samples": 2948,
        "confusion_matrix": [
          [
            1256,
            168
          ],
          [
            753,
            771
          ]
        ]
      },
      "7d": {
        "accuracy": 0.5556,
        "f1": 0.5215,
        "mcc": 0.1073,
        "auc": 0.5757,
        "precision": 0.5344,
        "recall": 0.5093,
        "baseline": 0.5244,
        "threshold": 0.5041,
        "class_balance": 0.4756,
        "n_samples": 2948,
        "confusion_matrix": [
          [
            924,
            622
          ],
          [
            688,
            714
          ]
        ]
      }
    },
    {
      "3d": {
        "accuracy": 0.6957,
        "f1": 0.6543,
        "mcc": 0.3834,
        "auc": 0.7351,
        "precision": 0.6369,
        "recall": 0.6727,
        "baseline": 0.5719,
        "threshold": 0.3895,
        "class_balance": 0.4281,
        "n_samples": 2948,
        "confusion_matrix": [
          [
            1202,
            484
          ],
          [
            413,
            849
          ]
        ]
      },
      "7d": {
        "accuracy": 0.6001,
        "f1": 0.5586,
        "mcc": 0.2233,
        "auc": 0.6676,
        "precision": 0.6751,
        "recall": 0.4764,
        "baseline": 0.5312,
        "threshold": 0.5569,
        "class_balance": 0.5312,
        "n_samples": 2948,
        "confusion_matrix": [
          [
            1023,
            359
          ],
          [
            820,
            746
          ]
        ]
      }
    }
  ]
}