{
  "n_folds": 3,
  "purge_gap": 192,
  "coins": [
    "BTCUSDT",
    "ETHUSDT",
    "SOLUSDT",
    "BNBUSDT"
  ],
  "n_features": 19,
  "n_timesteps": 48,
  "architecture": "LSTM+Attention+LayerNorm",
  "thresholds": {
    "3d": 0.49604421854019165,
    "7d": 0.4593673646450043
  },
  "summary": {
    "3d": {
      "accuracy": {
        "mean": 0.6623,
        "std": 0.0215
      },
      "f1": {
        "mean": 0.6711,
        "std": 0.0361
      },
      "mcc": {
        "mean": 0.341,
        "std": 0.0213
      },
      "auc": {
        "mean": 0.7341,
        "std": 0.0138
      },
      "precision": {
        "mean": 0.6197,
        "std": 0.0487
      },
      "recall": {
        "mean": 0.7437,
        "std": 0.0936
      },
      "baseline": {
        "mean": 0.5418,
        "std": 0.0227
      },
      "threshold": {
        "mean": 0.419,
        "std": 0.0928
      }
    },
    "7d": {
      "accuracy": {
        "mean": 0.5709,
        "std": 0.0581
      },
      "f1": {
        "mean": 0.6225,
        "std": 0.071
      },
      "mcc": {
        "mean": 0.1634,
        "std": 0.1079
      },
      "auc": {
        "mean": 0.6381,
        "std": 0.076
      },
      "precision": {
        "mean": 0.5562,
        "std": 0.0735
      },
      "recall": {
        "mean": 0.7259,
        "std": 0.1415
      },
      "baseline": {
        "mean": 0.5235,
        "std": 0.0067
      },
      "threshold": {
        "mean": 0.3716,
        "std": 0.0714
      }
    }
  },
  "folds": [
    {
      "3d": {
        "accuracy": 0.634,
        "f1": 0.6868,
        "mcc": 0.3277,
        "auc": 0.7151,
        "precision": 0.569,
        "recall": 0.866,
        "baseline": 0.5366,
        "threshold": 0.4725,
        "class_balance": 0.4634,
        "n_samples": 2948,
        "confusion_matrix": [
          [
            686,
            896
          ],
          [
            183,
            1183
          ]
        ]
      },
      "7d": {
        "accuracy": 0.5485,
        "f1": 0.6607,
        "mcc": 0.1629,
        "auc": 0.6912,
        "precision": 0.5199,
        "recall": 0.9063,
        "baseline": 0.5149,
        "threshold": 0.371,
        "class_balance": 0.4851,
        "n_samples": 2948,
        "confusion_matrix": [
          [
            321,
            1197
          ],
          [
            134,
            1296
          ]
        ]
      }
    },
    {
      "3d": {
        "accuracy": 0.6862,
        "f1": 0.7053,
        "mcc": 0.3711,
        "auc": 0.7474,
        "precision": 0.6854,
        "recall": 0.7264,
        "baseline": 0.517,
        "threshold": 0.2885,
        "class_balance": 0.517,
        "n_samples": 2948,
        "confusion_matrix": [
          [
            916,
            508
          ],
          [
            417,
            1107
          ]
        ]
      },
      "7d": {
        "accuracy": 0.5136,
        "f1": 0.523,
        "mcc": 0.0316,
        "auc": 0.5306,
        "precision": 0.49,
        "recall": 0.5606,
        "baseline": 0.5244,
        "threshold": 0.2845,
        "class_balance": 0.4756,
        "n_samples": 2948,
        "confusion_matrix": [
          [
            728,
            818
          ],
          [
            616,
            786
          ]
        ]
      }
    },
    {
      "3d": {
        "accuracy": 0.6666,
        "f1": 0.6212,
        "mcc": 0.3242,
        "auc": 0.7397,
        "precision": 0.6047,
        "recall": 0.6387,
        "baseline": 0.5719,
        "threshold": 0.496,
        "class_balance": 0.4281,
        "n_samples": 2948,
        "confusion_matrix": [
          [
            1159,
            527
          ],
          [
            456,
            806
          ]
        ]
      },
      "7d": {
        "accuracy": 0.6506,
        "f1": 0.6837,
        "mcc": 0.2958,
        "auc": 0.6925,
        "precision": 0.6586,
        "recall": 0.7107,
        "baseline": 0.5312,
        "threshold": 0.4594,
        "class_balance": 0.5312,
        "n_samples": 2948,
        "confusion_matrix": [
          [
            805,
            577
          ],
          [
            453,
            1113
          ]
        ]
      }
    }
  ]
}