{
  "n_folds": 3,
  "purge_gap": 192,
  "coins": [
    "BTCUSDT",
    "ETHUSDT",
    "SOLUSDT",
    "BNBUSDT"
  ],
  "n_features": 19,
  "n_timesteps": 48,
  "architecture": "LSTM+Attention+LayerNorm",
  "thresholds": {
    "3d": 0.4178202450275421,
    "7d": 0.472917377948761
  },
  "summary": {
    "3d": {
      "accuracy": {
        "mean": 0.6627,
        "std": 0.0318
      },
      "f1": {
        "mean": 0.6715,
        "std": 0.0329
      },
      "mcc": {
        "mean": 0.3547,
        "std": 0.0524
      },
      "auc": {
        "mean": 0.7639,
        "std": 0.0201
      },
      "precision": {
        "mean": 0.6308,
        "std": 0.0881
      },
      "recall": {
        "mean": 0.7428,
        "std": 0.1056
      },
      "baseline": {
        "mean": 0.5418,
        "std": 0.0227
      },
      "threshold": {
        "mean": 0.4051,
        "std": 0.0134
      }
    },
    "7d": {
      "accuracy": {
        "mean": 0.5956,
        "std": 0.0294
      },
      "f1": {
        "mean": 0.571,
        "std": 0.0623
      },
      "mcc": {
        "mean": 0.2106,
        "std": 0.0781
      },
      "auc": {
        "mean": 0.6451,
        "std": 0.071
      },
      "precision": {
        "mean": 0.6179,
        "std": 0.0903
      },
      "recall": {
        "mean": 0.5605,
        "std": 0.1441
      },
      "baseline": {
        "mean": 0.5235,
        "std": 0.0067
      },
      "threshold": {
        "mean": 0.5613,
        "std": 0.0941
      }
    }
  },
  "folds": [
    {
      "3d": {
        "accuracy": 0.6387,
        "f1": 0.6951,
        "mcc": 0.3466,
        "auc": 0.7718,
        "precision": 0.5708,
        "recall": 0.8887,
        "baseline": 0.5366,
        "threshold": 0.4178,
        "class_balance": 0.4634,
        "n_samples": 2948,
        "confusion_matrix": [
          [
            669,
            913
          ],
          [
            152,
            1214
          ]
        ]
      },
      "7d": {
        "accuracy": 0.6123,
        "f1": 0.656,
        "mcc": 0.2432,
        "auc": 0.6817,
        "precision": 0.5758,
        "recall": 0.7622,
        "baseline": 0.5149,
        "threshold": 0.4729,
        "class_balance": 0.4851,
        "n_samples": 2948,
        "confusion_matrix": [
          [
            715,
            803
          ],
          [
            340,
            1090
          ]
        ]
      }
    },
    {
      "3d": {
        "accuracy": 0.7076,
        "f1": 0.6943,
        "mcc": 0.4226,
        "auc": 0.7836,
        "precision": 0.7554,
        "recall": 0.6424,
        "baseline": 0.517,
        "threshold": 0.4109,
        "class_balance": 0.517,
        "n_samples": 2948,
        "confusion_matrix": [
          [
            1107,
            317
          ],
          [
            545,
            979
          ]
        ]
      },
      "7d": {
        "accuracy": 0.5543,
        "f1": 0.5082,
        "mcc": 0.1029,
        "auc": 0.5459,
        "precision": 0.5346,
        "recall": 0.4843,
        "baseline": 0.5244,
        "threshold": 0.5194,
        "class_balance": 0.4756,
        "n_samples": 2948,
        "confusion_matrix": [
          [
            955,
            591
          ],
          [
            723,
            679
          ]
        ]
      }
    },
    {
      "3d": {
        "accuracy": 0.6418,
        "f1": 0.625,
        "mcc": 0.2949,
        "auc": 0.7364,
        "precision": 0.5663,
        "recall": 0.6973,
        "baseline": 0.5719,
        "threshold": 0.3866,
        "class_balance": 0.4281,
        "n_samples": 2948,
        "confusion_matrix": [
          [
            1012,
            674
          ],
          [
            382,
            880
          ]
        ]
      },
      "7d": {
        "accuracy": 0.6201,
        "f1": 0.5488,
        "mcc": 0.2856,
        "auc": 0.7078,
        "precision": 0.7434,
        "recall": 0.4349,
        "baseline": 0.5312,
        "threshold": 0.6917,
        "class_balance": 0.5312,
        "n_samples": 2948,
        "confusion_matrix": [
          [
            1147,
            235
          ],
          [
            885,
            681
          ]
        ]
      }
    }
  ]
}