{
  "n_folds": 3,
  "purge_gap": 192,
  "coins": [
    "BTCUSDT",
    "ETHUSDT",
    "SOLUSDT",
    "BNBUSDT"
  ],
  "n_features": 19,
  "n_timesteps": 48,
  "architecture": "LSTM+Attention+LayerNorm",
  "thresholds": {
    "3d": 0.5032603144645691,
    "7d": 0.614418625831604
  },
  "summary": {
    "3d": {
      "accuracy": {
        "mean": 0.6703,
        "std": 0.0132
      },
      "f1": {
        "mean": 0.6823,
        "std": 0.0249
      },
      "mcc": {
        "mean": 0.3772,
        "std": 0.0132
      },
      "auc": {
        "mean": 0.7644,
        "std": 0.0188
      },
      "precision": {
        "mean": 0.6342,
        "std": 0.0554
      },
      "recall": {
        "mean": 0.7667,
        "std": 0.1355
      },
      "baseline": {
        "mean": 0.5296,
        "std": 0.0187
      },
      "threshold": {
        "mean": 0.3662,
        "std": 0.1024
      }
    },
    "7d": {
      "accuracy": {
        "mean": 0.5668,
        "std": 0.036
      },
      "f1": {
        "mean": 0.489,
        "std": 0.1076
      },
      "mcc": {
        "mean": 0.1522,
        "std": 0.0613
      },
      "auc": {
        "mean": 0.6233,
        "std": 0.0491
      },
      "precision": {
        "mean": 0.5926,
        "std": 0.0489
      },
      "recall": {
        "mean": 0.4505,
        "std": 0.1676
      },
      "baseline": {
        "mean": 0.5242,
        "std": 0.0033
      },
      "threshold": {
        "mean": 0.5979,
        "std": 0.1364
      }
    }
  },
  "folds": [
    {
      "3d": {
        "accuracy": 0.6516,
        "f1": 0.7135,
        "mcc": 0.3954,
        "auc": 0.7867,
        "precision": 0.5764,
        "recall": 0.9363,
        "baseline": 0.5366,
        "threshold": 0.5033,
        "class_balance": 0.4634,
        "n_samples": 2948,
        "confusion_matrix": [
          [
            642,
            940
          ],
          [
            87,
            1279
          ]
        ]
      },
      "7d": {
        "accuracy": 0.6167,
        "f1": 0.6221,
        "mcc": 0.237,
        "auc": 0.6824,
        "precision": 0.5901,
        "recall": 0.6577,
        "baseline": 0.5204,
        "threshold": 0.6144,
        "class_balance": 0.4796,
        "n_samples": 2948,
        "confusion_matrix": [
          [
            888,
            646
          ],
          [
            484,
            930
          ]
        ]
      }
    },
    {
      "3d": {
        "accuracy": 0.6808,
        "f1": 0.6526,
        "mcc": 0.3647,
        "auc": 0.7657,
        "precision": 0.7089,
        "recall": 0.6047,
        "baseline": 0.5041,
        "threshold": 0.3381,
        "class_balance": 0.4959,
        "n_samples": 2948,
        "confusion_matrix": [
          [
            1123,
            363
          ],
          [
            578,
            884
          ]
        ]
      },
      "7d": {
        "accuracy": 0.5509,
        "f1": 0.4864,
        "mcc": 0.0942,
        "auc": 0.5622,
        "precision": 0.5341,
        "recall": 0.4466,
        "baseline": 0.5237,
        "threshold": 0.4232,
        "class_balance": 0.4763,
        "n_samples": 2948,
        "confusion_matrix": [
          [
            997,
            547
          ],
          [
            777,
            627
          ]
        ]
      }
    },
    {
      "3d": {
        "accuracy": 0.6784,
        "f1": 0.6808,
        "mcc": 0.3716,
        "auc": 0.7407,
        "precision": 0.6172,
        "recall": 0.759,
        "baseline": 0.5482,
        "threshold": 0.2573,
        "class_balance": 0.4518,
        "n_samples": 2948,
        "confusion_matrix": [
          [
            989,
            627
          ],
          [
            321,
            1011
          ]
        ]
      },
      "7d": {
        "accuracy": 0.5329,
        "f1": 0.3586,
        "mcc": 0.1253,
        "auc": 0.6254,
        "precision": 0.6537,
        "recall": 0.2471,
        "baseline": 0.5285,
        "threshold": 0.7561,
        "class_balance": 0.5285,
        "n_samples": 2948,
        "confusion_matrix": [
          [
            1186,
            204
          ],
          [
            1173,
            385
          ]
        ]
      }
    }
  ]
}